equipamento_id,tipo_equipamento,temperatura,pressao,vibracao,horas_operacao,status
EQ-0001,Compressor,59.8,6.42,3.01,1958,normal
EQ-0002,Ventilador,51.8,6.08,1.33,6344,normal
EQ-0003,Motor,64.6,5.03,2.52,5779,normal
EQ-0004,Compressor,80.3,7.01,0.93,6144,alerta
EQ-0005,Compressor,72.6,4.09,1.74,5063,normal
EQ-0006,Ventilador,55.1,6.3,2.75,3830,normal
EQ-0007,Motor,72.1,6.27,0.65,9046,normal
EQ-0008,Motor,74.6,5.1,2.88,8831,normal
EQ-0009,Compressor,59.4,5.92,2.38,9794,normal
EQ-0010,Bomba,71.8,3.87,3.01,6659,normal
EQ-0011,Compressor,70.7,6.7,2.65,441,normal
EQ-0012,Compressor,56.3,5.26,3.9,6040,alerta
EQ-0013,Compressor,74.3,4.82,2.54,5925,normal
EQ-0014,Compressor,76.7,6.86,1.93,7358,normal
EQ-0015,Ventilador,83.0,4.58,2.53,4628,alerta
EQ-0016,Motor,82.6,3.67,3.0,6370,alerta
EQ-0017,Ventilador,53.5,3.48,2.45,9528,normal
EQ-0018,Ventilador,58.7,6.29,2.44,948,normal
EQ-0019,Ventilador,76.2,3.84,1.63,8179,normal
EQ-0020,Compressor,76.2,7.78,1.67,6115,alerta
EQ-0021,Bomba,76.2,2.79,0.86,459,alerta
EQ-0022,Motor,116.2,7.71,4.32,7568,critico
EQ-0023,Bomba,76.9,5.77,1.03,4646,normal
EQ-0024,Ventilador,83.6,5.37,1.64,392,alerta
EQ-0025,Ventilador,81.4,4.79,1.61,1787,alerta
EQ-0026,Bomba,77.8,6.02,3.38,7374,normal
EQ-0027,Bomba,66.2,5.45,2.08,1138,normal
EQ-0028,Bomba,79.1,6.93,3.77,4741,alerta
EQ-0029,Ventilador,60.7,5.65,1.66,7418,normal
EQ-0030,Ventilador,67.2,5.7,2.71,6362,normal
EQ-0031,Motor,64.2,5.03,1.48,2454,normal
EQ-0032,Motor,71.0,5.43,4.76,9658,critico
EQ-0033,Ventilador,97.8,5.9,1.09,3674,critico
EQ-0034,Bomba,47.6,3.28,2.74,1377,normal
EQ-0035,Bomba,78.2,3.75,3.1,6701,normal
EQ-0036,Motor,50.6,6.47,2.86,2597,normal
EQ-0037,Ventilador,64.3,5.72,2.2,141,normal
EQ-0038,Motor,83.1,5.26,2.26,2659,alerta
EQ-0039,Motor,70.8,5.52,2.45,4596,normal
EQ-0040,Compressor,57.1,5.95,2.24,9031,normal
EQ-0041,Compressor,61.4,4.8,3.46,5661,normal
EQ-0042,Compressor,78.2,4.49,4.83,6142,critico
EQ-0043,Bomba,61.2,5.75,1.79,5626,normal
EQ-0044,Ventilador,72.6,4.23,0.89,8787,normal
EQ-0045,Ventilador,70.5,6.03,2.3,8472,normal
EQ-0046,Ventilador,62.2,3.29,5.24,423,critico
EQ-0047,Ventilador,95.7,6.84,1.52,6999,critico
EQ-0048,Compressor,77.6,6.11,4.2,4249,alerta
EQ-0049,Bomba,45.7,5.83,4.25,1750,alerta
EQ-0050,Bomba,72.2,6.78,1.79,4757,normal
EQ-0051,Compressor,62.1,7.67,3.03,1967,alerta
EQ-0052,Bomba,80.2,6.82,4.19,4088,alerta
EQ-0053,Compressor,60.5,3.11,1.98,4178,normal
EQ-0054,Ventilador,68.6,3.84,2.18,7789,normal
EQ-0055,Compressor,76.1,4.69,1.76,2946,normal
EQ-0056,Ventilador,80.4,5.53,1.28,9641,alerta
EQ-0057,Ventilador,55.6,6.17,1.69,5394,normal
EQ-0058,Motor,66.0,4.56,1.05,7880,normal
EQ-0059,Compressor,64.3,5.74,2.44,5075,normal
EQ-0060,Motor,62.2,4.52,1.55,7230,normal
EQ-0061,Compressor,91.2,4.71,2.66,1531,critico
EQ-0062,Compressor,74.9,3.67,0.69,2990,normal
EQ-0063,Motor,54.9,4.3,2.76,7155,normal
EQ-0064,Motor,81.0,3.74,3.32,4493,alerta
EQ-0065,Compressor,95.5,4.23,0.21,9335,critico
EQ-0066,Bomba,82.4,6.87,2.81,933,alerta
EQ-0067,Ventilador,51.8,4.27,3.75,1460,alerta
EQ-0068,Motor,64.2,8.92,1.07,2723,critico
EQ-0069,Ventilador,85.2,6.14,4.24,285,alerta
EQ-0070,Bomba,61.5,5.74,2.86,264,normal
EQ-0071,Bomba,75.3,4.38,1.62,6816,normal
EQ-0072,Bomba,79.3,6.41,2.34,1762,normal
EQ-0073,Motor,58.9,4.75,3.01,40,normal
EQ-0074,Bomba,69.3,5.66,2.48,5827,normal
EQ-0075,Motor,31.1,8.83,2.99,8259,critico
EQ-0076,Bomba,57.7,5.38,1.39,987,normal
EQ-0077,Ventilador,67.0,6.99,2.59,7804,normal
EQ-0078,Ventilador,55.0,4.59,0.84,7789,normal
EQ-0079,Compressor,89.6,5.45,2.28,5717,alerta
EQ-0080,Ventilador,52.8,7.8,1.41,3198,alerta
EQ-0081,Compressor,64.7,4.68,1.59,5374,normal
EQ-0082,Ventilador,71.6,7.86,3.76,4790,alerta
EQ-0083,Motor,87.3,6.42,3.6,7183,alerta
EQ-0084,Ventilador,52.8,4.77,3.07,2524,normal
EQ-0085,Compressor,84.0,6.32,1.2,9277,alerta
EQ-0086,Compressor,70.1,6.76,2.05,2479,normal
EQ-0087,Bomba,58.2,6.31,3.73,9885,alerta
EQ-0088,Motor,75.5,3.46,2.56,5154,normal
EQ-0089,Ventilador,72.4,4.55,4.95,778,critico
EQ-0090,Bomba,62.8,5.18,2.83,9777,normal
EQ-0091,Ventilador,70.8,5.4,2.61,1492,normal
EQ-0092,Ventilador,65.4,6.31,2.06,660,normal
EQ-0093,Bomba,71.4,5.73,2.55,1348,normal
EQ-0094,Bomba,77.9,3.76,2.23,9491,normal
EQ-0095,Bomba,89.0,5.99,3.18,7851,alerta
EQ-0096,Bomba,55.1,6.29,3.45,7156,normal
EQ-0097,Bomba,95.6,6.23,1.54,2044,critico
EQ-0098,Ventilador,46.6,6.91,0.94,7368,normal
EQ-0099,Bomba,68.2,6.58,0.38,3516,normal
EQ-0100,Motor,77.1,6.1,2.96,9250,normal
EQ-0101,Compressor,73.4,5.41,1.19,9168,normal
EQ-0102,Bomba,62.5,3.34,0.03,4577,normal
EQ-0103,Bomba,67.5,6.06,2.83,727,normal
EQ-0104,Ventilador,64.1,5.77,5.14,7468,critico
EQ-0105,Bomba,62.9,5.85,2.39,342,normal
EQ-0106,Bomba,80.2,3.84,3.32,1447,alerta
EQ-0107,Bomba,74.3,4.09,2.49,6581,normal
EQ-0108,Ventilador,61.7,6.87,2.29,6317,normal
EQ-0109,Bomba,80.8,5.45,3.41,526,alerta
EQ-0110,Compressor,73.7,6.39,2.08,6748,normal
EQ-0111,Ventilador,79.8,5.54,2.69,405,normal
EQ-0112,Compressor,77.6,5.54,2.75,7986,normal
EQ-0113,Ventilador,60.1,6.72,1.67,9765,normal
EQ-0114,Bomba,63.3,4.83,3.49,3740,normal
EQ-0115,Compressor,79.0,5.62,2.21,1846,normal
EQ-0116,Ventilador,77.3,4.9,1.57,1478,normal
EQ-0117,Motor,69.7,4.94,2.99,771,normal
EQ-0118,Bomba,71.4,5.1,1.41,5525,normal
EQ-0119,Ventilador,85.3,5.79,2.43,8770,alerta
EQ-0120,Motor,62.9,4.88,2.39,193,normal
EQ-0121,Ventilador,76.6,7.13,3.59,2007,alerta
EQ-0122,Motor,67.6,4.34,2.92,1185,normal
EQ-0123,Bomba,67.4,5.26,2.37,2394,normal
EQ-0124,Compressor,83.2,4.93,3.3,9984,alerta
EQ-0125,Motor,79.9,7.38,3.93,9302,alerta
EQ-0126,Ventilador,79.8,5.76,3.01,4005,normal
EQ-0127,Bomba,85.7,6.84,2.41,7429,alerta
EQ-0128,Motor,70.3,3.57,0.96,2261,normal
EQ-0129,Ventilador,78.2,5.85,1.23,3736,normal
EQ-0130,Ventilador,66.3,6.66,2.06,6716,normal
EQ-0131,Ventilador,73.9,5.61,1.73,4875,normal
EQ-0132,Motor,68.4,6.89,2.19,8921,normal
EQ-0133,Motor,71.2,4.83,2.46,4378,normal
EQ-0134,Motor,77.1,7.33,2.98,7815,alerta
EQ-0135,Compressor,60.2,8.49,2.32,3451,critico
EQ-0136,Motor,95.1,5.03,2.94,7616,critico
EQ-0137,Motor,57.9,4.92,2.47,9836,normal
EQ-0138,Motor,55.4,7.39,0.23,2800,alerta
EQ-0139,Compressor,83.9,7.55,1.37,8333,alerta
EQ-0140,Motor,79.5,4.82,2.24,5410,normal
EQ-0141,Ventilador,77.5,4.95,1.07,1455,normal
EQ-0142,Motor,77.5,5.13,3.06,6892,normal
EQ-0143,Ventilador,69.9,3.75,4.08,5808,alerta
EQ-0144,Ventilador,59.2,4.31,3.74,6796,alerta
EQ-0145,Ventilador,70.9,4.19,2.17,4796,normal
EQ-0146,Compressor,61.9,4.5,4.04,5093,alerta
EQ-0147,Compressor,81.7,5.45,2.56,1325,alerta
EQ-0148,Compressor,68.2,5.8,2.03,4976,normal
EQ-0149,Motor,60.1,7.52,1.73,9405,alerta
EQ-0150,Ventilador,66.1,4.2,2.07,1159,normal
EQ-0151,Compressor,75.0,6.78,1.97,4650,normal
EQ-0152,Compressor,63.2,5.22,2.59,4987,normal
EQ-0153,Motor,60.1,5.44,2.58,4697,normal
EQ-0154,Compressor,72.9,6.38,2.4,340,normal
EQ-0155,Motor,72.9,4.04,2.88,3828,normal
EQ-0156,Bomba,63.9,6.0,3.71,1968,alerta
EQ-0157,Compressor,64.3,5.72,3.44,703,normal
EQ-0158,Bomba,72.8,6.14,0.77,5482,normal
EQ-0159,Motor,52.6,5.88,-0.41,6376,normal
EQ-0160,Ventilador,53.1,8.69,3.43,1800,critico
EQ-0161,Compressor,61.4,4.67,0.9,5463,normal
EQ-0162,Motor,67.4,4.81,2.15,4912,normal
EQ-0163,Ventilador,73.7,4.69,1.11,4648,normal
EQ-0164,Ventilador,87.7,4.78,0.42,855,alerta
EQ-0165,Bomba,80.3,4.67,3.0,2866,alerta
EQ-0166,Motor,68.1,7.05,3.24,182,alerta
EQ-0167,Ventilador,69.8,7.35,1.77,3112,alerta
EQ-0168,Compressor,58.0,4.76,-0.45,5670,normal
EQ-0169,Compressor,69.8,4.42,1.8,4492,normal
EQ-0170,Bomba,66.5,6.11,2.83,5823,normal
EQ-0171,Ventilador,73.9,4.78,0.77,1517,normal
EQ-0172,Motor,60.1,6.32,2.6,5002,normal
EQ-0173,Compressor,76.2,5.76,2.38,1356,normal
EQ-0174,Ventilador,88.4,3.53,3.04,3629,alerta
EQ-0175,Ventilador,68.7,7.51,2.53,3628,alerta
EQ-0176,Bomba,74.8,7.83,1.33,8210,alerta
EQ-0177,Compressor,78.3,4.7,3.72,6132,alerta
EQ-0178,Compressor,65.2,5.0,2.23,9324,normal
EQ-0179,Motor,72.7,5.87,2.37,6588,normal
EQ-0180,Compressor,70.2,5.93,1.37,3311,normal
EQ-0181,Motor,71.2,6.36,1.91,6048,normal
EQ-0182,Compressor,60.7,8.11,1.43,6246,critico
EQ-0183,Bomba,70.3,5.27,2.21,987,normal
EQ-0184,Compressor,76.0,4.46,4.28,3321,alerta
EQ-0185,Motor,87.4,3.71,0.89,4615,alerta
EQ-0186,Motor,81.5,4.55,0.63,8365,alerta
EQ-0187,Bomba,95.8,5.46,4.02,3741,critico
EQ-0188,Compressor,60.8,7.83,2.17,3052,alerta
EQ-0189,Compressor,80.5,4.83,1.66,6574,alerta
EQ-0190,Bomba,72.2,5.79,3.54,726,alerta
EQ-0191,Compressor,96.3,5.48,1.73,3760,critico
EQ-0192,Compressor,60.3,7.04,4.41,5806,alerta
EQ-0193,Motor,59.9,8.79,3.15,1875,critico
EQ-0194,Compressor,62.8,4.81,1.86,6993,normal
EQ-0195,Compressor,44.5,4.86,4.77,4033,critico
EQ-0196,Bomba,63.7,6.86,1.73,5443,normal
EQ-0197,Bomba,60.9,6.39,3.22,989,normal
EQ-0198,Ventilador,71.8,7.9,2.73,3744,alerta
EQ-0199,Motor,74.1,6.26,3.83,8611,alerta
EQ-0200,Compressor,92.5,5.03,4.12,593,critico
EQ-0201,Compressor,81.4,6.27,2.44,1774,alerta
EQ-0202,Ventilador,63.1,6.94,1.57,935,normal
EQ-0203,Compressor,59.2,6.57,2.91,3808,normal
EQ-0204,Motor,75.9,6.16,1.65,331,normal
EQ-0205,Ventilador,54.2,6.89,4.61,7922,critico
EQ-0206,Motor,92.0,7.02,2.55,2702,critico
EQ-0207,Ventilador,84.2,7.3,2.0,5889,alerta
EQ-0208,Ventilador,64.4,6.34,2.6,5054,normal
EQ-0209,Bomba,49.4,5.28,0.92,3868,normal
EQ-0210,Motor,86.2,5.69,1.33,4200,alerta
EQ-0211,Compressor,68.6,7.07,3.72,201,alerta
EQ-0212,Compressor,84.9,4.44,1.68,2497,alerta
EQ-0213,Motor,50.9,5.98,1.25,1842,normal
EQ-0214,Compressor,62.8,4.99,2.99,9101,normal
EQ-0215,Compressor,70.1,5.54,3.7,4658,alerta
EQ-0216,Motor,70.6,7.16,3.19,7544,alerta
EQ-0217,Ventilador,64.6,5.75,3.5,7718,alerta
EQ-0218,Motor,77.5,5.56,1.57,770,normal
EQ-0219,Ventilador,57.2,3.73,0.84,3155,normal
EQ-0220,Compressor,68.3,6.47,4.05,1628,alerta
EQ-0221,Compressor,71.4,6.34,2.05,386,normal
EQ-0222,Compressor,76.2,8.31,2.12,6031,critico
EQ-0223,Bomba,78.5,5.1,3.86,6439,alerta
EQ-0224,Ventilador,56.5,5.78,3.01,6401,normal
EQ-0225,Bomba,51.6,5.82,2.9,4008,normal
EQ-0226,Bomba,85.3,7.55,4.78,2466,critico
EQ-0227,Motor,74.0,5.38,1.69,2282,normal
EQ-0228,Bomba,61.0,5.86,3.42,1856,normal
EQ-0229,Motor,88.6,6.29,2.46,7980,alerta
EQ-0230,Motor,71.4,5.74,2.7,1998,normal
EQ-0231,Bomba,84.2,4.92,4.08,5476,alerta
EQ-0232,Ventilador,70.8,5.75,2.96,9428,normal
EQ-0233,Ventilador,94.7,6.9,2.99,4669,critico
EQ-0234,Ventilador,91.1,4.17,3.58,9342,critico
EQ-0235,Ventilador,67.0,5.67,2.0,4318,normal
EQ-0236,Ventilador,81.7,4.59,1.48,7064,alerta
EQ-0237,Bomba,77.7,7.05,1.25,7446,alerta
EQ-0238,Bomba,86.4,3.52,0.24,1431,alerta
EQ-0239,Compressor,58.4,4.77,4.66,5624,critico
EQ-0240,Ventilador,78.2,5.99,1.19,7461,normal
EQ-0241,Bomba,82.7,7.54,2.16,1819,alerta
EQ-0242,Compressor,48.9,5.41,2.1,1130,normal
EQ-0243,Ventilador,55.8,4.78,2.74,6563,normal
EQ-0244,Motor,45.5,7.95,3.3,2658,alerta
EQ-0245,Compressor,66.8,3.62,3.35,3500,normal
EQ-0246,Bomba,78.6,2.64,1.76,8566,alerta
EQ-0247,Motor,88.0,6.07,2.22,2120,alerta
EQ-0248,Motor,70.9,4.85,2.71,4020,normal
EQ-0249,Motor,89.5,4.17,2.13,3259,alerta
EQ-0250,Compressor,53.4,6.42,4.17,1823,alerta
EQ-0251,Bomba,49.6,5.82,2.94,1474,normal
EQ-0252,Motor,69.3,4.77,3.21,2242,normal
EQ-0253,Ventilador,74.6,3.84,3.13,3243,normal
EQ-0254,Motor,69.6,6.63,3.69,6990,alerta
EQ-0255,Motor,45.2,6.35,2.6,5160,normal
EQ-0256,Compressor,68.9,5.37,0.97,3134,normal
EQ-0257,Compressor,54.3,7.9,2.84,2070,alerta
EQ-0258,Bomba,78.0,4.11,1.68,359,normal
EQ-0259,Ventilador,74.4,3.52,1.82,1141,normal
EQ-0260,Compressor,58.7,4.6,3.05,1635,normal
EQ-0261,Motor,63.8,5.44,3.76,4000,alerta
EQ-0262,Bomba,57.3,5.82,2.42,3361,normal
EQ-0263,Motor,69.2,5.19,2.74,6583,normal
EQ-0264,Motor,81.5,5.96,4.27,7835,alerta
EQ-0265,Compressor,58.2,3.87,2.66,6,normal
EQ-0266,Bomba,76.0,7.38,5.26,3267,critico
EQ-0267,Ventilador,63.6,5.39,3.02,6564,normal
EQ-0268,Ventilador,60.5,6.95,0.46,9783,normal
EQ-0269,Compressor,68.7,5.95,3.23,4928,normal
EQ-0270,Compressor,57.6,6.09,2.82,2606,normal
EQ-0271,Bomba,63.4,6.24,3.82,5906,alerta
EQ-0272,Ventilador,55.6,6.08,3.14,3273,normal
EQ-0273,Ventilador,93.6,6.34,2.25,7611,critico
EQ-0274,Ventilador,70.4,7.23,1.05,913,alerta
EQ-0275,Motor,61.6,5.76,2.17,2011,normal
EQ-0276,Ventilador,72.6,6.42,1.46,1442,normal
EQ-0277,Motor,68.7,5.38,1.76,5546,normal
EQ-0278,Bomba,67.3,7.37,3.05,1829,alerta
EQ-0279,Motor,77.4,4.62,4.24,8767,alerta
EQ-0280,Bomba,79.1,7.84,2.83,6468,alerta
EQ-0281,Ventilador,63.6,5.45,1.08,929,normal
EQ-0282,Ventilador,63.1,3.64,2.89,3699,normal
EQ-0283,Bomba,66.7,5.67,3.72,9655,alerta
EQ-0284,Compressor,42.4,4.61,1.73,1054,normal
EQ-0285,Bomba,51.8,6.59,2.25,5744,normal
EQ-0286,Compressor,86.4,4.65,2.42,1900,alerta
EQ-0287,Motor,89.7,4.92,1.54,9649,alerta
EQ-0288,Motor,67.0,3.04,3.11,6980,normal
EQ-0289,Motor,76.9,4.91,2.27,7069,normal
EQ-0290,Ventilador,73.7,2.35,2.86,9591,alerta
EQ-0291,Motor,106.9,3.44,1.42,3415,critico
EQ-0292,Compressor,83.4,6.49,1.92,442,alerta
EQ-0293,Motor,68.5,6.52,3.19,6218,normal
EQ-0294,Bomba,58.5,6.05,1.99,4652,normal
EQ-0295,Bomba,50.7,4.24,4.3,7939,alerta
EQ-0296,Ventilador,72.4,5.44,1.96,7833,normal
EQ-0297,Bomba,60.9,5.5,2.65,9370,normal
EQ-0298,Compressor,52.9,3.99,3.43,7597,normal
EQ-0299,Motor,62.2,7.45,0.84,4458,alerta
EQ-0300,Ventilador,57.0,6.64,0.46,6591,normal
EQ-0301,Motor,90.2,5.21,0.72,9449,critico
EQ-0302,Motor,80.6,5.53,3.79,2309,alerta
EQ-0303,Compressor,69.9,5.77,1.79,6268,normal
EQ-0304,Bomba,87.8,2.85,5.21,910,critico
EQ-0305,Bomba,70.9,5.18,1.78,4340,normal
EQ-0306,Motor,59.7,4.61,2.6,4009,normal
EQ-0307,Ventilador,88.3,4.2,4.1,6628,alerta
EQ-0308,Bomba,76.5,5.13,4.61,2169,critico
EQ-0309,Ventilador,57.6,7.84,4.67,2172,critico
EQ-0310,Bomba,67.7,6.33,3.73,5668,alerta
EQ-0311,Ventilador,59.5,4.76,3.53,6313,alerta
EQ-0312,Compressor,53.4,6.24,3.05,8315,normal
EQ-0313,Ventilador,81.1,7.32,3.26,8036,alerta
EQ-0314,Compressor,92.9,6.7,1.79,6789,critico
EQ-0315,Compressor,53.2,5.58,1.5,785,normal
EQ-0316,Ventilador,76.8,4.66,2.4,6139,normal
EQ-0317,Compressor,62.2,6.41,2.21,6344,normal
EQ-0318,Motor,64.2,6.01,1.9,2416,normal
EQ-0319,Compressor,62.9,6.66,3.17,8988,normal
EQ-0320,Bomba,59.6,6.33,3.45,4154,normal
EQ-0321,Ventilador,70.6,6.86,2.5,5619,normal
EQ-0322,Motor,60.0,4.8,4.03,1936,alerta
EQ-0323,Ventilador,73.2,7.21,1.14,3807,alerta
EQ-0324,Bomba,69.4,5.76,2.19,7151,normal
EQ-0325,Bomba,67.1,8.2,1.61,9493,critico
EQ-0326,Bomba,59.1,4.6,0.35,3236,normal
EQ-0327,Compressor,63.1,7.76,2.31,2352,alerta
EQ-0328,Compressor,79.1,5.76,2.27,1932,normal
EQ-0329,Ventilador,76.0,4.65,4.06,8556,alerta
EQ-0330,Ventilador,58.3,4.87,3.09,4916,normal
EQ-0331,Motor,71.2,5.08,1.27,5498,normal
EQ-0332,Motor,79.0,6.05,4.44,946,alerta
EQ-0333,Ventilador,50.0,6.18,3.74,9569,alerta
EQ-0334,Compressor,76.5,4.75,3.04,1439,normal
EQ-0335,Bomba,62.0,5.47,2.15,7730,normal
EQ-0336,Ventilador,76.8,8.28,1.34,4857,critico
EQ-0337,Motor,60.8,7.75,1.99,340,alerta
EQ-0338,Compressor,48.3,6.07,3.6,382,alerta
EQ-0339,Ventilador,50.5,5.55,4.47,9748,alerta
EQ-0340,Ventilador,70.6,5.66,4.1,8491,alerta
EQ-0341,Compressor,73.1,6.3,1.86,138,normal
EQ-0342,Ventilador,59.1,4.17,1.17,358,normal
EQ-0343,Compressor,77.7,5.17,2.55,4931,normal
EQ-0344,Bomba,50.1,3.33,0.45,9714,normal
EQ-0345,Compressor,69.2,6.02,2.76,3456,normal
EQ-0346,Compressor,55.5,6.34,2.24,1627,normal
EQ-0347,Compressor,62.2,4.87,1.89,9495,normal
EQ-0348,Ventilador,70.6,7.55,0.65,6626,alerta
EQ-0349,Ventilador,59.7,3.91,2.96,5004,normal
EQ-0350,Compressor,65.4,3.6,1.81,9326,normal
EQ-0351,Ventilador,82.1,5.79,1.11,6652,alerta
EQ-0352,Motor,63.1,6.86,-0.76,6416,normal
EQ-0353,Motor,80.0,7.69,2.37,3170,alerta
EQ-0354,Ventilador,56.4,4.9,4.35,3835,alerta
EQ-0355,Ventilador,76.4,6.9,4.23,8017,alerta
EQ-0356,Compressor,87.3,5.45,1.9,2151,alerta
EQ-0357,Bomba,40.3,5.28,1.74,9429,normal
EQ-0358,Ventilador,60.4,6.65,2.92,6905,normal
EQ-0359,Motor,76.9,6.35,1.3,2834,normal
EQ-0360,Compressor,67.6,3.45,2.73,9190,normal
EQ-0361,Ventilador,74.5,7.42,3.24,2567,alerta
EQ-0362,Motor,62.8,7.29,3.75,1307,alerta
EQ-0363,Motor,71.0,4.69,2.29,8848,normal
EQ-0364,Bomba,68.1,6.01,2.18,2660,normal
EQ-0365,Compressor,84.0,6.14,1.43,3730,alerta
EQ-0366,Compressor,73.1,5.84,1.49,6207,normal
EQ-0367,Bomba,74.1,4.78,2.15,3162,normal
EQ-0368,Bomba,65.1,4.63,2.8,1140,normal
EQ-0369,Compressor,64.1,5.47,3.4,8458,normal
EQ-0370,Compressor,64.8,7.02,1.52,1708,alerta
EQ-0371,Ventilador,74.7,6.21,4.04,3630,alerta
EQ-0372,Ventilador,64.9,5.02,2.1,3211,normal
EQ-0373,Bomba,73.5,6.5,2.38,6538,normal
EQ-0374,Ventilador,94.9,1.8,1.58,9702,critico
EQ-0375,Motor,80.5,6.99,-0.27,475,alerta
EQ-0376,Ventilador,66.1,3.24,3.37,7684,normal
EQ-0377,Ventilador,84.4,5.03,3.21,9168,alerta
EQ-0378,Motor,65.1,4.04,2.09,1207,normal
EQ-0379,Bomba,45.5,3.82,2.47,1960,normal
EQ-0380,Motor,57.9,7.01,2.97,557,alerta
EQ-0381,Ventilador,47.6,4.89,0.68,882,normal
EQ-0382,Bomba,65.8,5.95,1.82,4761,normal
EQ-0383,Ventilador,70.2,5.44,3.27,5867,normal
EQ-0384,Motor,90.1,6.12,1.02,6963,critico
EQ-0385,Motor,73.9,5.6,2.72,7166,normal
EQ-0386,Ventilador,67.4,3.83,0.91,7929,normal
EQ-0387,Compressor,80.0,6.8,2.91,5347,alerta
EQ-0388,Compressor,43.5,4.86,2.36,7269,normal
EQ-0389,Motor,72.8,3.48,0.62,9802,normal
EQ-0390,Motor,79.3,4.94,3.68,8125,alerta
EQ-0391,Compressor,52.3,7.45,1.59,2454,alerta
EQ-0392,Compressor,83.7,6.61,1.51,4494,alerta
EQ-0393,Ventilador,74.1,5.05,2.62,1946,normal
EQ-0394,Ventilador,65.0,5.05,3.66,2808,alerta
EQ-0395,Compressor,77.6,5.08,1.28,6642,normal
EQ-0396,Ventilador,97.2,8.2,2.47,3825,critico
EQ-0397,Ventilador,72.2,6.0,2.87,3536,normal
EQ-0398,Bomba,73.0,6.06,3.16,6068,normal
EQ-0399,Ventilador,64.5,6.84,2.59,3802,normal
EQ-0400,Motor,59.8,5.81,2.0,4699,normal
EQ-0401,Ventilador,80.0,5.16,1.49,1970,alerta
EQ-0402,Ventilador,59.7,5.24,2.49,5806,normal
EQ-0403,Compressor,70.9,5.41,1.22,6142,normal
EQ-0404,Motor,64.3,5.45,-0.81,2819,normal
EQ-0405,Ventilador,75.7,6.45,2.88,9094,normal
EQ-0406,Ventilador,74.0,5.57,3.39,364,normal
EQ-0407,Bomba,82.5,6.45,-0.2,4258,alerta
EQ-0408,Ventilador,63.9,5.4,1.29,3119,normal
EQ-0409,Ventilador,66.8,5.6,3.08,1863,normal
EQ-0410,Bomba,58.3,2.9,4.66,115,critico
EQ-0411,Compressor,64.7,6.69,2.42,7084,normal
EQ-0412,Ventilador,74.5,5.95,1.6,8016,normal
EQ-0413,Bomba,79.1,6.8,2.2,2384,normal
EQ-0414,Motor,58.9,1.73,3.91,3935,critico
EQ-0415,Compressor,80.4,8.21,1.69,7742,critico
EQ-0416,Motor,86.3,5.32,1.52,5442,alerta
EQ-0417,Motor,75.0,6.94,1.87,2490,normal
EQ-0418,Bomba,92.5,4.15,1.35,6980,critico
EQ-0419,Ventilador,60.7,6.3,2.53,9134,normal
EQ-0420,Bomba,55.1,4.13,4.19,7661,alerta
EQ-0421,Bomba,48.7,4.69,2.76,1724,normal
EQ-0422,Bomba,88.0,7.99,2.12,8182,alerta
EQ-0423,Bomba,77.9,5.25,2.08,2767,normal
EQ-0424,Compressor,69.3,5.78,0.68,1137,normal
EQ-0425,Ventilador,73.4,6.63,3.37,4117,normal
EQ-0426,Motor,56.5,6.14,2.31,3420,normal
EQ-0427,Motor,99.3,5.7,2.2,5845,critico
EQ-0428,Ventilador,71.6,5.97,5.91,4778,critico
EQ-0429,Motor,71.3,8.62,2.73,3906,critico
EQ-0430,Ventilador,78.7,5.43,1.57,3637,normal
EQ-0431,Motor,75.8,5.76,1.93,2953,normal
EQ-0432,Bomba,72.7,6.87,3.66,5929,alerta
EQ-0433,Motor,60.5,6.94,2.52,276,normal
EQ-0434,Ventilador,75.7,7.04,0.82,1999,alerta
EQ-0435,Ventilador,92.6,6.33,3.41,1227,critico
EQ-0436,Ventilador,86.1,4.01,1.67,6337,alerta
EQ-0437,Ventilador,89.1,7.62,4.46,3735,alerta
EQ-0438,Ventilador,63.9,4.01,3.59,695,alerta
EQ-0439,Compressor,58.1,5.89,1.91,9501,normal
EQ-0440,Compressor,68.5,4.52,3.81,4152,alerta
EQ-0441,Motor,70.7,5.42,2.47,7901,normal
EQ-0442,Ventilador,83.1,5.93,3.34,7470,alerta
EQ-0443,Motor,49.7,5.92,2.93,7537,normal
EQ-0444,Ventilador,88.4,6.05,1.47,2841,alerta
EQ-0445,Ventilador,68.1,7.6,1.69,4208,alerta
EQ-0446,Compressor,64.9,6.09,3.53,8733,alerta
EQ-0447,Compressor,57.9,5.18,2.03,1088,normal
EQ-0448,Bomba,50.1,6.75,1.96,3363,normal
EQ-0449,Compressor,79.9,7.05,1.35,24,alerta
EQ-0450,Bomba,70.9,3.9,2.87,9764,normal
EQ-0451,Bomba,54.5,6.28,4.67,6144,critico
EQ-0452,Bomba,54.5,6.41,1.23,5668,normal
EQ-0453,Bomba,66.0,5.11,2.43,4236,normal
EQ-0454,Bomba,90.0,7.29,3.95,9959,critico
EQ-0455,Motor,66.9,5.3,2.31,8068,normal
EQ-0456,Compressor,52.0,5.66,2.9,2235,normal
EQ-0457,Bomba,67.1,5.28,1.23,7295,normal
EQ-0458,Ventilador,66.7,5.52,2.87,8392,normal
EQ-0459,Compressor,37.6,4.07,2.19,8448,normal
EQ-0460,Compressor,69.3,3.63,3.48,3747,normal
EQ-0461,Bomba,67.2,7.57,3.71,3175,alerta
EQ-0462,Motor,78.4,4.4,5.25,4897,critico
EQ-0463,Bomba,92.2,4.21,3.04,5037,critico
EQ-0464,Motor,83.5,2.7,2.76,7427,alerta
EQ-0465,Ventilador,66.8,4.67,2.61,8605,normal
EQ-0466,Compressor,56.7,3.78,2.01,2014,normal
EQ-0467,Ventilador,100.9,7.63,2.77,1381,critico
EQ-0468,Motor,70.7,6.81,2.08,1098,normal
EQ-0469,Motor,70.2,4.61,2.59,3426,normal
EQ-0470,Ventilador,69.7,8.43,3.85,3655,critico
EQ-0471,Motor,72.4,6.78,1.29,7938,normal
EQ-0472,Ventilador,68.3,5.08,3.65,9101,alerta
EQ-0473,Compressor,63.1,2.25,3.85,187,alerta
EQ-0474,Ventilador,63.4,8.48,2.27,5409,critico
EQ-0475,Compressor,69.6,3.69,0.07,2092,normal
EQ-0476,Ventilador,63.5,3.36,1.73,2130,normal
EQ-0477,Motor,61.4,6.83,3.83,5242,alerta
EQ-0478,Ventilador,71.3,8.67,2.37,8549,critico
EQ-0479,Motor,66.9,7.3,1.3,5647,alerta
EQ-0480,Ventilador,88.0,6.23,1.84,5185,alerta
EQ-0481,Ventilador,38.2,6.27,3.32,5776,normal
EQ-0482,Bomba,83.1,6.61,3.0,7913,alerta
EQ-0483,Motor,85.0,6.49,2.14,7547,alerta
EQ-0484,Bomba,45.1,5.87,2.0,7823,normal
EQ-0485,Motor,65.9,5.64,1.97,7355,normal
EQ-0486,Bomba,65.5,5.42,1.39,6465,normal
EQ-0487,Compressor,53.1,4.52,4.18,1497,alerta
EQ-0488,Ventilador,60.7,5.14,2.05,2555,normal
EQ-0489,Motor,56.7,3.3,3.74,5409,alerta
EQ-0490,Motor,91.0,5.37,4.07,2951,critico
EQ-0491,Ventilador,81.2,4.21,3.5,1238,alerta
EQ-0492,Motor,85.3,4.07,1.93,9165,alerta
EQ-0493,Motor,78.7,5.73,2.84,4727,normal
EQ-0494,Bomba,56.5,7.31,2.37,3965,alerta
EQ-0495,Motor,63.7,6.69,1.41,5686,normal
EQ-0496,Compressor,75.9,3.46,2.76,9242,normal
EQ-0497,Compressor,55.3,4.21,1.1,3701,normal
EQ-0498,Ventilador,78.6,6.72,3.71,2780,alerta
EQ-0499,Motor,67.1,4.22,1.89,7398,normal
EQ-0500,Ventilador,65.5,5.21,2.62,1588,normal
